[
    {
        "id": 1,
        "priority": 1,
        "action": {
            "type": "redirect",
            "redirect": {
                "url": "https://www.baidu.com"
            }
        },
        "condition": {
            "urlFilter": "*://*.iqiyi.com/mixer?rid=*",
            "resourceTypes": ["main_frame", "sub_frame", "stylesheet", "script", "image", "font", "object", "xmlhttprequest", "ping", "csp_report", "media", "websocket", "other"]
        }
    },
    {
        "id": 2,
        "priority": 1,
        "action": {
            "type": "redirect",
            "redirect": {
                "url": "https://www.baidu.com"
            }
        },
        "condition": {
            "urlFilter": "*://*.iqiyi.com/player*",
            "resourceTypes": ["main_frame", "sub_frame", "stylesheet", "script", "image", "font", "object", "xmlhttprequest", "ping", "csp_report", "media", "websocket", "other"]
        }
    },
    {
        "id": 3,
        "priority": 1,
        "action": {
            "type": "redirect",
            "redirect": {
                "url": "https://www.baidu.com"
            }
        },
        "condition": {
            "urlFilter": "*://*.iqiyi.com/js/common/mars_v_31698.js?t=*",
            "resourceTypes": ["main_frame", "sub_frame", "stylesheet", "script", "image", "font", "object", "xmlhttprequest", "ping", "csp_report", "media", "websocket", "other"]
        }
    }
]